condition,recall@1_mean,recall@1_se,recall@1_ci,ndcg@1_mean,ndcg@1_se,ndcg@1_ci,mrr@1_mean,mrr@1_se,mrr@1_ci,recall@5_mean,recall@5_se,recall@5_ci,ndcg@5_mean,ndcg@5_se,ndcg@5_ci,mrr@5_mean,mrr@5_se,mrr@5_ci,recall@10_mean,recall@10_se,recall@10_ci,ndcg@10_mean,ndcg@10_se,ndcg@10_ci,mrr@10_mean,mrr@10_se,mrr@10_ci,recall@20_mean,recall@20_se,recall@20_ci,ndcg@20_mean,ndcg@20_se,ndcg@20_ci,mrr@20_mean,mrr@20_se,mrr@20_ci
recommendation,0.01329143269280305,0.0008219919795942208,0.0016111042800046728,0.01329143269280305,0.0008219919795942208,0.0016111042800046728,0.01329143269280305,0.0008219919795942208,0.0016111042800046728,0.048580701664004945,0.0015431391941032545,0.0030245528204423788,0.031075028781988267,0.0010544801328936928,0.002066781060471638,0.025335290986210568,0.0009416701156292756,0.0018456734266333802,0.07042398639946422,0.0018364960103515243,0.0035995321802889876,0.038185833134592326,0.0010983974093881218,0.002152858922400719,0.02829775376913597,0.0009486389610282053,0.0018593323636152824,0.08273659265364999,0.001977347878119294,0.003875601841113816,0.04133232963900824,0.001111382678057589,0.0021783100489928746,0.029178531401067125,0.0009490292317740358,0.0018600972942771103
discussion,0.0,0.0,0.0,0.0,0.0,0.0,0.0,0.0,0.0,0.0,0.0,0.0,0.0,0.0,0.0,0.0,0.0,0.0,0.0,0.0,0.0,0.0,0.0,0.0,0.0,0.0,0.0,0.0,0.0,0.0,0.0,0.0,0.0,0.0,0.0,0.0
all,0.01263652838321007,0.0007817485567099981,0.001532227171151596,0.01263652838321007,0.0007817485567099981,0.001532227171151596,0.01263652838321007,0.0007817485567099981,0.001532227171151596,0.046187001028554636,0.001468947153188134,0.0028791364202487425,0.029543879300934234,0.0010036262779124312,0.001967107504708365,0.024086953682388862,0.000896092549349295,0.0017563413967246182,0.06695400891414018,0.001749260502125221,0.0034285505841654333,0.03630431537324639,0.0010458758470677507,0.0020499166602527914,0.02690344802922557,0.0009029138843571299,0.0017697112133399746,0.07865994024587354,0.0018840891773301356,0.003692814787567066,0.03929577560967768,0.0010584738321298237,0.0020746087109744546,0.027740827400015378,0.000903348801645965,0.0017705636512260915
