condition,recall@1_mean,recall@1_se,recall@1_ci,ndcg@1_mean,ndcg@1_se,ndcg@1_ci,mrr@1_mean,mrr@1_se,mrr@1_ci,recall@5_mean,recall@5_se,recall@5_ci,ndcg@5_mean,ndcg@5_se,ndcg@5_ci,mrr@5_mean,mrr@5_se,mrr@5_ci,recall@10_mean,recall@10_se,recall@10_ci,ndcg@10_mean,ndcg@10_se,ndcg@10_ci,mrr@10_mean,mrr@10_se,mrr@10_ci,recall@20_mean,recall@20_se,recall@20_ci,ndcg@20_mean,ndcg@20_se,ndcg@20_ci,mrr@20_mean,mrr@20_se,mrr@20_ci
recommendation,0.008334190760366292,0.0006520783346234968,0.0012780735358620537,0.008334190760366292,0.0006520783346234968,0.0012780735358620537,0.008334190760366292,0.0006520783346234968,0.0012780735358620537,0.025259800390986728,0.0011254981319063126,0.0022059763385363727,0.016994215238567117,0.0008058509519612924,0.0015794678658441331,0.014272730390643756,0.0007328340863042962,0.0014363548091564206,0.03776108653153617,0.0013672536194960102,0.00267981709421218,0.021037370113231466,0.0008421070882429405,0.0016505298929561634,0.015941916259592976,0.0007391200624078396,0.0014486753223193656,0.044757691120485645,0.0014831189873538413,0.002906913215213529,0.02285157147150729,0.0008540031657529467,0.0016738462048757755,0.01646310587878037,0.0007399148117657363,0.0014502330310608431
discussion,0.0,0.0,0.0,0.0,0.0,0.0,0.0,0.0,0.0,0.0,0.0,0.0,0.0,0.0,0.0,0.0,0.0,0.0,0.0,0.0,0.0,0.0,0.0,0.0,0.0,0.0,0.0,0.0,0.0,0.0,0.0,0.0,0.0,0.0,0.0,0.0
all,0.007923310182920865,0.000620058113018518,0.0012153139015162952,0.007923310182920865,0.000620058113018518,0.0012153139015162952,0.007923310182920865,0.000620058113018518,0.0012153139015162952,0.02401447715934657,0.0010706923463665696,0.002098556998878476,0.016156390286964084,0.0007665530246538009,0.0015024439283214499,0.013569076265936288,0.0006970391181734463,0.0013661966716199546,0.03589944243372787,0.0013011023500649026,0.002550160606127209,0.020000215213782323,0.0008012230929809626,0.0015703972622426866,0.015155970275553567,0.0007030945625570868,0.00137806534261189,0.04255111024161205,0.0014116261357791904,0.002766787226127213,0.021724975362572566,0.0008126361749822668,0.001592766902965243,0.015651464935524446,0.0007038771885679767,0.0013795992895932342
