condition,recall@1_mean,recall@1_se,recall@1_ci,ndcg@1_mean,ndcg@1_se,ndcg@1_ci,mrr@1_mean,mrr@1_se,mrr@1_ci,recall@5_mean,recall@5_se,recall@5_ci,ndcg@5_mean,ndcg@5_se,ndcg@5_ci,mrr@5_mean,mrr@5_se,mrr@5_ci,recall@10_mean,recall@10_se,recall@10_ci,ndcg@10_mean,ndcg@10_se,ndcg@10_ci,mrr@10_mean,mrr@10_se,mrr@10_ci,recall@20_mean,recall@20_se,recall@20_ci,ndcg@20_mean,ndcg@20_se,ndcg@20_ci,mrr@20_mean,mrr@20_se,mrr@20_ci
recommendation,0.006078553615960099,0.0009704604175152301,0.001902102418329851,0.006078553615960099,0.0009704604175152301,0.001902102418329851,0.006078553615960099,0.0009704604175152301,0.001902102418329851,0.024781795511221946,0.0019409705859853908,0.003804302348531366,0.01534411844023308,0.0012856135731128561,0.002519802603301198,0.012271404821280134,0.0011331613459847046,0.0022209962381300207,0.03584788029925187,0.0023211659451370494,0.004549485252468617,0.018855275843736485,0.0013447948513502191,0.0026357979086464294,0.01367977625380992,0.0011432435250039556,0.002240757309007753,0.048472568578553615,0.002681392208097849,0.005255528727871784,0.02203274816011195,0.0013832474688075785,0.0027111650388628537,0.014543789861144211,0.0011457474842483549,0.0022456650691267755
discussion,0.0,0.0,0.0,0.0,0.0,0.0,0.0,0.0,0.0,0.0,0.0,0.0,0.0,0.0,0.0,0.0,0.0,0.0,0.0,0.0,0.0,0.0,0.0,0.0,0.0,0.0,0.0,0.0,0.0,0.0,0.0,0.0,0.0,0.0,0.0,0.0
all,0.005753060923440035,0.000918641023365416,0.0018005364057962154,0.005753060923440035,0.000918641023365416,0.0018005364057962154,0.005753060923440035,0.000918641023365416,0.0018005364057962154,0.023454786841717066,0.0018382777926183194,0.003603024473531906,0.014522475868496155,0.001217490013348754,0.0023862804261635577,0.011614299060825096,0.0010730034720182924,0.002103086805155853,0.03392830801003098,0.0021990494581896956,0.004310136938051803,0.017845618795311,0.0012738227014993258,0.0024966924949386786,0.01294725541295832,0.0010826673230041272,0.002122027953088089,0.045876973004867976,0.00254125814712173,0.0049808659683585905,0.020852944710912858,0.0013105577950273367,0.00256869327825358,0.013765003060790863,0.0010851197986559626,0.0021268348053656867
