condition,recall@1_mean,recall@1_se,recall@1_ci,ndcg@1_mean,ndcg@1_se,ndcg@1_ci,mrr@1_mean,mrr@1_se,mrr@1_ci,recall@5_mean,recall@5_se,recall@5_ci,ndcg@5_mean,ndcg@5_se,ndcg@5_ci,mrr@5_mean,mrr@5_se,mrr@5_ci,recall@10_mean,recall@10_se,recall@10_ci,ndcg@10_mean,ndcg@10_se,ndcg@10_ci,mrr@10_mean,mrr@10_se,mrr@10_ci,recall@20_mean,recall@20_se,recall@20_ci,ndcg@20_mean,ndcg@20_se,ndcg@20_ci,mrr@20_mean,mrr@20_se,mrr@20_ci
recommendation,0.014527845036319613,0.0008588355449667048,0.0016833176681347413,0.014527845036319613,0.0008588355449667048,0.0016833176681347413,0.014527845036319613,0.0008588355449667048,0.0016833176681347413,0.0508989748080985,0.001577603899415583,0.0030921036428545423,0.032902826416782834,0.0010894740903941336,0.0021353692171725016,0.027000154551542935,0.0009776228687316231,0.0019161408227139813,0.06918757405594766,0.00182151339793218,0.0035701662599470726,0.03885950783114582,0.0011249230309690872,0.002204849140699411,0.029483814201242464,0.0009830873928944038,0.0019268512900730314,0.07861521817526144,0.0019317951072109394,0.003786318410133441,0.041299808628892494,0.0011349102475695784,0.0022244240852363735,0.030182865823388663,0.0009833876279163147,0.0019274397507159768
discussion,0.0,0.0,0.0,0.0,0.0,0.0,0.0,0.0,0.0,0.0,0.0,0.0,0.0,0.0,0.0,0.0,0.0,0.0,0.0,0.0,0.0,0.0,0.0,0.0,0.0,0.0,0.0,0.0,0.0,0.0,0.0,0.0,0.0,0.0,0.0,0.0
all,0.013812019395601704,0.0008168138889991584,0.0016009552224383503,0.013812019395601704,0.0008168138889991584,0.0016009552224383503,0.013812019395601704,0.0008168138889991584,0.0016009552224383503,0.04839104667678895,0.0015018495858772356,0.002943625188319382,0.031281616475298604,0.0010369898907659552,0.0020325001859012723,0.025669784983102312,0.0009303510135415263,0.0018234879865413917,0.06577851790174855,0.0017349287271536957,0.0034004603052212434,0.036944796322200685,0.0010711123539919158,0.002099380213824155,0.02803106810306693,0.0009357133035904626,0.0018339980750373065,0.07474163687123475,0.0018404646635444043,0.0036073107405470324,0.03926485699639673,0.001080800899918656,0.0021183697638405656,0.02869567558886209,0.0009360495425571553,0.0018346571034120243
