condition,recall@1_mean,recall@1_se,recall@1_ci,ndcg@1_mean,ndcg@1_se,ndcg@1_ci,mrr@1_mean,mrr@1_se,mrr@1_ci,recall@5_mean,recall@5_se,recall@5_ci,ndcg@5_mean,ndcg@5_se,ndcg@5_ci,mrr@5_mean,mrr@5_se,mrr@5_ci,recall@10_mean,recall@10_se,recall@10_ci,ndcg@10_mean,ndcg@10_se,ndcg@10_ci,mrr@10_mean,mrr@10_se,mrr@10_ci,recall@20_mean,recall@20_se,recall@20_ci,ndcg@20_mean,ndcg@20_se,ndcg@20_ci,mrr@20_mean,mrr@20_se,mrr@20_ci
recommendation,0.020784031278938162,0.0010232682992155915,0.0020056058664625594,0.020784031278938162,0.0010232682992155915,0.0020056058664625594,0.020784031278938162,0.0010232682992155915,0.0020056058664625594,0.07037761086531537,0.0018346614255472838,0.003595936394072676,0.04567545073786688,0.0012761652189863804,0.0025012838292133056,0.0376058922385705,0.001151765625482426,0.0022574606259455547,0.10253112460129643,0.0021758198831423633,0.004264606970959032,0.05606888460878384,0.0013221173407189956,0.0025913499878092313,0.041892659934639566,0.0011573187736211694,0.0022683447962974918,0.12948863051754295,0.002408177117357824,0.004720027150021335,0.06299930434938876,0.0013407192963150987,0.0026278098207775935,0.04385369531478084,0.0011568435512157385,0.0022674133603828475
discussion,0.0,0.0,0.0,0.0,0.0,0.0,0.0,0.0,0.0,0.0,0.0,0.0,0.0,0.0,0.0,0.0,0.0,0.0,0.0,0.0,0.0,0.0,0.0,0.0,0.0,0.0,0.0,0.0,0.0,0.0,0.0,0.0,0.0,0.0,0.0,0.0
all,0.019759366135185367,0.0009733281804652525,0.001907723233711895,0.019759366135185367,0.0009733281804652525,0.001907723233711895,0.019759366135185367,0.0009733281804652525,0.001907723233711895,0.06690795265577619,0.0017474612619958168,0.003425024073511801,0.043423623762234985,0.0012152174103506172,0.0023818261242872095,0.03575189931200887,0.0010964609192031301,0.002149063401638135,0.09747627897877335,0.0020743652397117577,0.004065755869835045,0.05330465514161892,0.0012597981903912899,0.002469204453166928,0.03982732680277432,0.0011020877019917263,0.0021600918959037837,0.12310476376797418,0.0022978291126074125,0.004503745060710529,0.05989340105367401,0.0012781836219282342,0.002505239898979339,0.04169168196853712,0.001101811605119466,0.0021595507460341534
