condition,recall@1_mean,recall@1_se,recall@1_ci,ndcg@1_mean,ndcg@1_se,ndcg@1_ci,mrr@1_mean,mrr@1_se,mrr@1_ci,recall@5_mean,recall@5_se,recall@5_ci,ndcg@5_mean,ndcg@5_se,ndcg@5_ci,mrr@5_mean,mrr@5_se,mrr@5_ci,recall@10_mean,recall@10_se,recall@10_ci,ndcg@10_mean,ndcg@10_se,ndcg@10_ci,mrr@10_mean,mrr@10_se,mrr@10_ci,recall@20_mean,recall@20_se,recall@20_ci,ndcg@20_mean,ndcg@20_se,ndcg@20_ci,mrr@20_mean,mrr@20_se,mrr@20_ci
recommendation,0.023613540487704497,0.001089122701610073,0.002134680495155743,0.023613540487704497,0.001089122701610073,0.002134680495155743,0.023613540487704497,0.001089122701610073,0.002134680495155743,0.08606852556847412,0.0020117053980587317,0.003942942580195114,0.05473828868734374,0.0013739088215561181,0.0026928612902499915,0.04451761155125699,0.0012316469683773194,0.002414028058019546,0.1312892272867579,0.0024223535629057063,0.0047478129832951846,0.06930687680679153,0.0014273795161992523,0.0027976638517505344,0.05049702187010552,0.0012368028509092514,0.0024241335877821326,0.17419487601605105,0.0027204569469476427,0.00533209561601738,0.08030289805801517,0.0014485457703289,0.002839149709844644,0.053590685004924754,0.0012348820058683168,0.0024203687315019007
discussion,0.0,0.0,0.0,0.0,0.0,0.0,0.0,0.0,0.0,0.0,0.0,0.0,0.0,0.0,0.0,0.0,0.0,0.0,0.0,0.0,0.0,0.0,0.0,0.0,0.0,0.0,0.0,0.0,0.0,0.0,0.0,0.0,0.0,0.0,0.0,0.0
all,0.022449378851609116,0.0010360440838319766,0.002030646404310674,0.022449378851609116,0.0010360440838319766,0.002030646404310674,0.022449378851609116,0.0010360440838319766,0.002030646404310674,0.08182529590139881,0.001916959319502224,0.0037572402662243588,0.05203965839306405,0.0013087994200988201,0.0025652468633936875,0.042322866738400335,0.0011728629991277317,0.002298811478290354,0.12481659004206201,0.0023114906317539814,0.004530521638237804,0.06589000642523786,0.0013610584949024767,0.002667674650008854,0.048007488560653,0.001178309421884076,0.002309486466892789,0.16560696468746944,0.0025997469441957914,0.005095504010623751,0.07634391726751927,0.0013824868568097864,0.0027096742393471814,0.05094863225695625,0.0011768008259767113,0.002306529618914354
