condition,recall@1_mean,recall@1_se,recall@1_ci,ndcg@1_mean,ndcg@1_se,ndcg@1_ci,mrr@1_mean,mrr@1_se,mrr@1_ci,recall@5_mean,recall@5_se,recall@5_ci,ndcg@5_mean,ndcg@5_se,ndcg@5_ci,mrr@5_mean,mrr@5_se,mrr@5_ci,recall@10_mean,recall@10_se,recall@10_ci,ndcg@10_mean,ndcg@10_se,ndcg@10_ci,mrr@10_mean,mrr@10_se,mrr@10_ci,recall@20_mean,recall@20_se,recall@20_ci,ndcg@20_mean,ndcg@20_se,ndcg@20_ci,mrr@20_mean,mrr@20_se,mrr@20_ci
recommendation,0.021864389340467125,0.001048947117846884,0.0020559363509798927,0.021864389340467125,0.001048947117846884,0.0020559363509798927,0.021864389340467125,0.001048947117846884,0.0020559363509798927,0.07413314126967795,0.0018791690614018287,0.003683171360347584,0.048333159052224864,0.001311480485510013,0.002570501751599625,0.039884933292176836,0.0011840528579399204,0.0023207436015622437,0.10983640292211133,0.0022428149816220893,0.004395917363979295,0.05981750947438069,0.0013591222359154486,0.002663879582394279,0.04458932919808525,0.0011893259911495793,0.0023310789426531755,0.14687725074596153,0.0025390333862649107,0.004976505437079225,0.06916484807470732,0.0013809601082154495,0.002706681812102281,0.04714525990251788,0.0011882055751903655,0.0023288829273731162
discussion,0.0,0.0,0.0,0.0,0.0,0.0,0.0,0.0,0.0,0.0,0.0,0.0,0.0,0.0,0.0,0.0,0.0,0.0,0.0,0.0,0.0,0.0,0.0,0.0,0.0,0.0,0.0,0.0,0.0,0.0,0.0,0.0,0.0,0.0,0.0,0.0
all,0.02078646189963807,0.0009977814691492792,0.0019556516795325874,0.02078646189963807,0.0009977814691492792,0.0019556516795325874,0.02078646189963807,0.0009977814691492792,0.0019556516795325874,0.07047833317030226,0.0017900452663153427,0.0035084887219780717,0.045950305470857225,0.0012489679404595695,0.002447977163300756,0.03791858228178291,0.0011272956319229876,0.002209499438569056,0.1044214027193583,0.00213871569781292,0.0041918827677133235,0.0568684705645609,0.001295285366815372,0.0025387593189581292,0.04239104866244649,0.0011327038468496495,0.002220099539825313,0.13963611464345105,0.0024240769763196695,0.004751190873586552,0.06575497979439307,0.0013170462870049247,0.0025814107225296526,0.04482097045804277,0.0011318780336360868,0.00221848094592673
