condition,recall@1_mean,recall@1_se,recall@1_ci,ndcg@1_mean,ndcg@1_se,ndcg@1_ci,mrr@1_mean,mrr@1_se,mrr@1_ci,recall@5_mean,recall@5_se,recall@5_ci,ndcg@5_mean,ndcg@5_se,ndcg@5_ci,mrr@5_mean,mrr@5_se,mrr@5_ci,recall@10_mean,recall@10_se,recall@10_ci,ndcg@10_mean,ndcg@10_se,ndcg@10_ci,mrr@10_mean,mrr@10_se,mrr@10_ci,recall@20_mean,recall@20_se,recall@20_ci,ndcg@20_mean,ndcg@20_se,ndcg@20_ci,mrr@20_mean,mrr@20_se,mrr@20_ci
recommendation,0.006070583393353226,0.0005571579984832281,0.001092029677027127,0.006070583393353226,0.0005571579984832281,0.001092029677027127,0.006070583393353226,0.0005571579984832281,0.001092029677027127,0.026031484720650273,0.0011421083618495932,0.0022385323892252025,0.016222414061643972,0.0007574991569598148,0.001484698347641237,0.013002880954830744,0.0006647435537838767,0.0013028973654163982,0.0394073464348184,0.0013955442415385117,0.002735266713415483,0.02051231281018953,0.0007980195408824642,0.0015641183001296299,0.014751746293057125,0.0006719372036150462,0.0013169969190854906,0.05257742566107624,0.0016008730956934764,0.0031377112675592136,0.023818331764202085,0.0008198584564495826,0.0016069225746411819,0.015646487074361108,0.0006733057788454076,0.0013196793265369989
discussion,0.0,0.0,0.0,0.0,0.0,0.0,0.0,0.0,0.0,0.0,0.0,0.0,0.0,0.0,0.0,0.0,0.0,0.0,0.0,0.0,0.0,0.0,0.0,0.0,0.0,0.0,0.0,0.0,0.0,0.0,0.0,0.0,0.0,0.0,0.0,0.0
all,0.005771300009781865,0.0005297688466324369,0.0010383469393995762,0.005771300009781865,0.0005297688466324369,0.0010383469393995762,0.005771300009781865,0.0005297688466324369,0.0010383469393995762,0.024748116991098502,0.0010865154881169413,0.002129570356709205,0.01542263936859217,0.0007205718364563196,0.0014123207994543865,0.012361831165020053,0.0006322770865799373,0.0012392630896966772,0.037464540741465324,0.0013280823895308865,0.0026030414834805372,0.01950104354907875,0.0007593111718167626,0.0014882498967608547,0.014024476398534895,0.0006391998446285127,0.0012528316954718848,0.04998532720336496,0.001524027728384939,0.0029870943476344803,0.022644073795977708,0.0007802718053867542,0.001529332738558038,0.014875105925434375,0.0006405488266712568,0.0012554757002756634
