condition,recall@1_mean,recall@1_se,recall@1_ci,ndcg@1_mean,ndcg@1_se,ndcg@1_ci,mrr@1_mean,mrr@1_se,mrr@1_ci,recall@5_mean,recall@5_se,recall@5_ci,ndcg@5_mean,ndcg@5_se,ndcg@5_ci,mrr@5_mean,mrr@5_se,mrr@5_ci,recall@10_mean,recall@10_se,recall@10_ci,ndcg@10_mean,ndcg@10_se,ndcg@10_ci,mrr@10_mean,mrr@10_se,mrr@10_ci,recall@20_mean,recall@20_se,recall@20_ci,ndcg@20_mean,ndcg@20_se,ndcg@20_ci,mrr@20_mean,mrr@20_se,mrr@20_ci
recommendation,0.006546134663341646,0.001006857452931613,0.001973440607745961,0.006546134663341646,0.001006857452931613,0.001973440607745961,0.006546134663341646,0.001006857452931613,0.001973440607745961,0.0260286783042394,0.001987928739129937,0.0038963403286946764,0.01610245417794991,0.001318180606751329,0.002583633989232605,0.012879260182876141,0.001164690465898971,0.0022827933131619833,0.037250623441396506,0.002364422402220504,0.004634267908352188,0.019615426919642562,0.0013748538749047258,0.0026947135948132625,0.01426103639710248,0.001173845689162692,0.002300737550758876,0.046913965087281795,0.0026400903692423757,0.005174577123715056,0.022109008101633628,0.0014052101294160999,0.002754211853655556,0.014971048147847587,0.001176015627758869,0.0023049906304073832
discussion,0.0,0.0,0.0,0.0,0.0,0.0,0.0,0.0,0.0,0.0,0.0,0.0,0.0,0.0,0.0,0.0,0.0,0.0,0.0,0.0,0.0,0.0,0.0,0.0,0.0,0.0,0.0,0.0,0.0,0.0,0.0,0.0,0.0,0.0,0.0,0.0
all,0.006195604071396961,0.0009531066565958747,0.0018680890469279143,0.006195604071396961,0.0009531066565958747,0.0018680890469279143,0.006195604071396961,0.0009531066565958747,0.0018680890469279143,0.024634901902935536,0.00188281756773876,0.0036903224327679697,0.015240204455779116,0.0012483665897597594,0.0024467985159291284,0.0121896051531691,0.001102881779496771,0.002161648287813671,0.03525593745390176,0.0022401206447031086,0.0043906364636180925,0.018565065513560505,0.0013023331616243106,0.002552572996783649,0.013497390400325935,0.0011116684683550632,0.0021788701979759237,0.04440182917834489,0.002501999989148898,0.00490391997873184,0.02092512110636987,0.0013313321385932705,0.0026094109916428103,0.014169382640004443,0.0011137906111007585,0.0021830295977574867
