condition,recall@1_mean,recall@1_se,recall@1_ci,ndcg@1_mean,ndcg@1_se,ndcg@1_ci,mrr@1_mean,mrr@1_se,mrr@1_ci,recall@5_mean,recall@5_se,recall@5_ci,ndcg@5_mean,ndcg@5_se,ndcg@5_ci,mrr@5_mean,mrr@5_se,mrr@5_ci,recall@10_mean,recall@10_se,recall@10_ci,ndcg@10_mean,ndcg@10_se,ndcg@10_ci,mrr@10_mean,mrr@10_se,mrr@10_ci,recall@20_mean,recall@20_se,recall@20_ci,ndcg@20_mean,ndcg@20_se,ndcg@20_ci,mrr@20_mean,mrr@20_se,mrr@20_ci
recommendation,0.0123983948965943,0.0007937048034028451,0.0015556614146695763,0.0123983948965943,0.0007937048034028451,0.0015556614146695763,0.0123983948965943,0.0007937048034028451,0.0015556614146695763,0.03832698837328943,0.0013770555002899497,0.0026990287805683014,0.02567158976519322,0.0009823613286893238,0.0019254282042310746,0.02150426998662414,0.0008923282693413682,0.0017489634079090816,0.05473814178413417,0.0016315728687813344,0.0031978828228114153,0.03097854038697846,0.0010189723724667043,0.0019971858500347404,0.023693505765992648,0.0008981246922365226,0.0017603243967835842,0.06466714682580513,0.0017640477114293804,0.0034575335144015856,0.03357113169341703,0.0010318043357054872,0.002022336497982755,0.02444781426128446,0.0008987617301965134,0.0017615729911851662
discussion,0.0,0.0,0.0,0.0,0.0,0.0,0.0,0.0,0.0,0.0,0.0,0.0,0.0,0.0,0.0,0.0,0.0,0.0,0.0,0.0,0.0,0.0,0.0,0.0,0.0,0.0,0.0,0.0,0.0,0.0,0.0,0.0,0.0,0.0,0.0,0.0
all,0.011787146630147707,0.000754807201019098,0.001479422113997432,0.011787146630147707,0.000754807201019098,0.001479422113997432,0.011787146630147707,0.000754807201019098,0.001479422113997432,0.036437444977012616,0.0013104497067322357,0.0025684814251951816,0.024405965071692542,0.0009347376481644149,0.0018320857904022532,0.020444096644820504,0.0008489594752517333,0.0016639605714933972,0.05203951873227037,0.0015533459688103553,0.0030445580988682965,0.029451279861199612,0.0009698700540344276,0.001900945305907478,0.022525401793962882,0.0008545988228976298,0.0016750136928793545,0.061479017900811894,0.0016799327488135733,0.0032926681876746036,0.031916054869247784,0.0009822505922596452,0.0019252111608289047,0.02324252243034566,0.0008552525904871678,0.0016762950773548488
