condition,recall@1_mean,recall@1_se,recall@1_ci,ndcg@1_mean,ndcg@1_se,ndcg@1_ci,mrr@1_mean,mrr@1_se,mrr@1_ci,recall@5_mean,recall@5_se,recall@5_ci,ndcg@5_mean,ndcg@5_se,ndcg@5_ci,mrr@5_mean,mrr@5_se,mrr@5_ci,recall@10_mean,recall@10_se,recall@10_ci,ndcg@10_mean,ndcg@10_se,ndcg@10_ci,mrr@10_mean,mrr@10_se,mrr@10_ci,recall@20_mean,recall@20_se,recall@20_ci,ndcg@20_mean,ndcg@20_se,ndcg@20_ci,mrr@20_mean,mrr@20_se,mrr@20_ci
recommendation,0.011420928079020475,0.0007621523395983482,0.0014938185856127625,0.011420928079020475,0.0007621523395983482,0.0014938185856127625,0.011420928079020475,0.0007621523395983482,0.0014938185856127625,0.036423500360119355,0.0013437526149826682,0.00263375512536603,0.024290782141874454,0.0009535382060380002,0.0018689348838344805,0.02028929588092053,0.0008633897802321222,0.0016922439692549595,0.05226875192921082,0.0015964269394944555,0.003128996801409133,0.029441831956876927,0.0009907559906390535,0.0019418817416525448,0.02243051574644331,0.0008695228239075553,0.0017042647348588084,0.06754810165654902,0.0018001354127401687,0.0035282654089707306,0.033356379523757536,0.0010103236365280176,0.0019802343275949143,0.023531815095899772,0.000870450835926049,0.001706083638415056
discussion,0.0,0.0,0.0,0.0,0.0,0.0,0.0,0.0,0.0,0.0,0.0,0.0,0.0,0.0,0.0,0.0,0.0,0.0,0.0,0.0,0.0,0.0,0.0,0.0,0.0,0.0,0.0,0.0,0.0,0.0,0.0,0.0,0.0,0.0,0.0,0.0
all,0.010857869509928592,0.0007247831724620985,0.0014205750180257132,0.010857869509928592,0.0007247831724620985,0.0014205750180257132,0.010857869509928592,0.0007247831724620985,0.0014205750180257132,0.034627800058691184,0.001278692998680847,0.00250623827741446,0.023093232088122646,0.0009072728186943743,0.0017782547246409737,0.019289021487495513,0.0008213977675058757,0.0016099396243115162,0.04969187127066419,0.001519782153499345,0.0029787730208587163,0.027990332073646373,0.0009429642136449452,0.0018482098587440925,0.021324677935995556,0.0008273511301928766,0.001621608215178038,0.06421793993935244,0.0017144387924808106,0.0033603000332623886,0.03171189010969378,0.0009618397445244607,0.001885205899267943,0.0223716825703854,0.0008283026978155924,0.001623473287718561
