condition,recall@1_mean,recall@1_se,recall@1_ci,ndcg@1_mean,ndcg@1_se,ndcg@1_ci,mrr@1_mean,mrr@1_se,mrr@1_ci,recall@5_mean,recall@5_se,recall@5_ci,ndcg@5_mean,ndcg@5_se,ndcg@5_ci,mrr@5_mean,mrr@5_se,mrr@5_ci,recall@10_mean,recall@10_se,recall@10_ci,ndcg@10_mean,ndcg@10_se,ndcg@10_ci,mrr@10_mean,mrr@10_se,mrr@10_ci,recall@20_mean,recall@20_se,recall@20_ci,ndcg@20_mean,ndcg@20_se,ndcg@20_ci,mrr@20_mean,mrr@20_se,mrr@20_ci
recommendation,0.009620331309805535,0.0007001341398053672,0.0013722629140185197,0.009620331309805535,0.0007001341398053672,0.0013722629140185197,0.009620331309805535,0.0007001341398053672,0.0013722629140185197,0.030970264430496965,0.0012425858146194676,0.0024354681966541566,0.02036308283500568,0.0008723054002003268,0.0017097185843926407,0.016887025414137256,0.0007884194728571961,0.0015453021668001042,0.04985080769626505,0.0015610520503986625,0.0030596620187813787,0.02651828645388074,0.0009218972182139486,0.0018069185476993392,0.01945681589163429,0.000797107349608974,0.0015623304052335889,0.06523304866755839,0.001771213425005004,0.003471578313009808,0.030472969087968566,0.0009438165121250138,0.0018498803637650271,0.020575835424302184,0.0007983626052332602,0.0015647907062571898
discussion,0.0,0.0,0.0,0.0,0.0,0.0,0.0,0.0,0.0,0.0,0.0,0.0,0.0,0.0,0.0,0.0,0.0,0.0,0.0,0.0,0.0,0.0,0.0,0.0,0.0,0.0,0.0,0.0,0.0,0.0,0.0,0.0,0.0,0.0,0.0,0.0
all,0.009146043235840751,0.0006657756259447853,0.0013049202268517793,0.009146043235840751,0.0006657756259447853,0.0013049202268517793,0.009146043235840751,0.0006657756259447853,0.0013049202268517793,0.02944341191431087,0.0011822544051767361,0.0023172186341464027,0.01935917070071605,0.0008298721051110443,0.0016265493260176468,0.01605448498483811,0.0007499849435158474,0.0014699704892910607,0.047393133131174804,0.0014860075184814497,0.0029125747362236413,0.025210919108409165,0.0008773652371364282,0.0017196358647873992,0.018497583258416675,0.0007583809189048231,0.0014864266010534532,0.06201702044409665,0.0016867836005562652,0.0033060958570902796,0.028970633528902133,0.0008984701275702294,0.0017610014500376496,0.019561434460412107,0.0007596409880182744,0.0014888963365158178
