condition,recall@1_mean,recall@1_se,recall@1_ci,ndcg@1_mean,ndcg@1_se,ndcg@1_ci,mrr@1_mean,mrr@1_se,mrr@1_ci,recall@5_mean,recall@5_se,recall@5_ci,ndcg@5_mean,ndcg@5_se,ndcg@5_ci,mrr@5_mean,mrr@5_se,mrr@5_ci,recall@10_mean,recall@10_se,recall@10_ci,ndcg@10_mean,ndcg@10_se,ndcg@10_ci,mrr@10_mean,mrr@10_se,mrr@10_ci,recall@20_mean,recall@20_se,recall@20_ci,ndcg@20_mean,ndcg@20_se,ndcg@20_ci,mrr@20_mean,mrr@20_se,mrr@20_ci
recommendation,0.02124704187673629,0.0010343586804032233,0.0020273430135903177,0.02124704187673629,0.0010343586804032233,0.0020273430135903177,0.02124704187673629,0.0010343586804032233,0.0020273430135903177,0.0740302500257228,0.0018779688759893323,0.0036808189969390914,0.04774151150577849,0.0012976340975591886,0.0025433628312160096,0.03914068662756799,0.0011673875734662359,0.0022880796439938224,0.1139520526803169,0.0022791613469547185,0.004467156240031248,0.060544956902512194,0.0013508873161502582,0.002647739139654506,0.04436141692675287,0.0011732833984396767,0.002299635460941766,0.15922420002057824,0.002624399956636985,0.0051438239150084905,0.07208979359896,0.0013777523541141186,0.0027003946140636724,0.04758145331713646,0.0011719838337283055,0.002297088314107479
discussion,0.0,0.0,0.0,0.0,0.0,0.0,0.0,0.0,0.0,0.0,0.0,0.0,0.0,0.0,0.0,0.0,0.0,0.0,0.0,0.0,0.0,0.0,0.0,0.0,0.0,0.0,0.0,0.0,0.0,0.0,0.0,0.0,0.0,0.0,0.0,0.0
all,0.020199550034236527,0.0009838890052225123,0.001928422450236124,0.020199550034236527,0.0009838890052225123,0.001928422450236124,0.020199550034236527,0.0009838890052225123,0.001928422450236124,0.07038051452606867,0.0017888967309132387,0.0035062375925899478,0.045387826501483035,0.0012357743380179069,0.0024221177025150974,0.037211027421826595,0.0011114143942016952,0.0021783722126353226,0.10833414848870195,0.0021736529099307847,0.004260359703464338,0.0575600544004222,0.0012875536721618777,0.00252360519743728,0.04217437260208463,0.0011174588726472299,0.0021902193903885706,0.15137435195148194,0.0025066325081325043,0.004912999715939708,0.06853572375900345,0.0013143667232444354,0.0025761587775590933,0.045235659277046786,0.0011165295958641963,0.0021883980078938247
