condition,recall@1_mean,recall@1_se,recall@1_ci,ndcg@1_mean,ndcg@1_se,ndcg@1_ci,mrr@1_mean,mrr@1_se,mrr@1_ci,recall@5_mean,recall@5_se,recall@5_ci,ndcg@5_mean,ndcg@5_se,ndcg@5_ci,mrr@5_mean,mrr@5_se,mrr@5_ci,recall@10_mean,recall@10_se,recall@10_ci,ndcg@10_mean,ndcg@10_se,ndcg@10_ci,mrr@10_mean,mrr@10_se,mrr@10_ci,recall@20_mean,recall@20_se,recall@20_ci,ndcg@20_mean,ndcg@20_se,ndcg@20_ci,mrr@20_mean,mrr@20_se,mrr@20_ci
recommendation,0.004012758514250437,0.0004534545695331016,0.0008887709562848792,0.004012758514250437,0.0004534545695331016,0.0008887709562848792,0.004012758514250437,0.0004534545695331016,0.0008887709562848792,0.014970675995472785,0.0008710250958412924,0.001707209187848933,0.009744350046886015,0.0006007232923971845,0.0011774176530984816,0.008013513050039441,0.0005348849220908524,0.0010483744472980707,0.020166683815207326,0.0010082743715731177,0.001976217768283311,0.011420894984890378,0.0006220928397561673,0.0012193019659220879,0.008702618990457245,0.0005388285462113727,0.0010561039505742904,0.025619919744829717,0.0011332832335007091,0.00222123513766139,0.012785465149574526,0.0006347892279736275,0.0012441868868283098,0.00907026860595355,0.0005397522497917053,0.0010579144095917425
discussion,0.0,0.0,0.0,0.0,0.0,0.0,0.0,0.0,0.0,0.0,0.0,0.0,0.0,0.0,0.0,0.0,0.0,0.0,0.0,0.0,0.0,0.0,0.0,0.0,0.0,0.0,0.0,0.0,0.0,0.0,0.0,0.0,0.0,0.0,0.0,0.0
all,0.003814927125110046,0.0004311412540354995,0.0008450368579095791,0.003814927125110046,0.0004311412540354995,0.0008450368579095791,0.003814927125110046,0.0004311412540354995,0.0008450368579095791,0.01423261273598748,0.000828392163445935,0.0016236486403540327,0.00926394777518196,0.0005712970949875414,0.0011197423061755812,0.007618442075059506,0.0005086588616297368,0.000996971368794284,0.019172454269783822,0.0009590508286363359,0.0018797396241272183,0.010857838047358856,0.0005916752896073414,0.0011596835676303892,0.00827357468142952,0.0005124327666147496,0.0010043682225649093,0.02435684241416414,0.001078108418428878,0.0021130925001206008,0.012155134088693618,0.0006038033790078832,0.001183454622855451,0.008623098951507634,0.0005133252310336356,0.0010061174528259258
