condition,recall@1_mean,recall@1_se,recall@1_ci,ndcg@1_mean,ndcg@1_se,ndcg@1_ci,mrr@1_mean,mrr@1_se,mrr@1_ci,recall@5_mean,recall@5_se,recall@5_ci,ndcg@5_mean,ndcg@5_se,ndcg@5_ci,mrr@5_mean,mrr@5_se,mrr@5_ci,recall@10_mean,recall@10_se,recall@10_ci,ndcg@10_mean,ndcg@10_se,ndcg@10_ci,mrr@10_mean,mrr@10_se,mrr@10_ci,recall@20_mean,recall@20_se,recall@20_ci,ndcg@20_mean,ndcg@20_se,ndcg@20_ci,mrr@20_mean,mrr@20_se,mrr@20_ci
recommendation,0.02284185615804095,0.001071601978485046,0.00210033987783069,0.02284185615804095,0.001071601978485046,0.00210033987783069,0.02284185615804095,0.001071601978485046,0.00210033987783069,0.08184998456631341,0.001966307820527874,0.003853963328234633,0.052304062055687564,0.0013484462907084544,0.0026429547297885706,0.042657852316767844,0.0012104772365376453,0.0023725353836137847,0.12640189319888878,0.0023835156845081413,0.004671690741635957,0.06667165697624478,0.001403596561551045,0.0027510492606400484,0.04856464673189645,0.0012162055265619639,0.002383762832061449,0.17939088383578558,0.0027520336261026186,0.005393985907161132,0.08006411967066186,0.0014296529136830106,0.002802119710818701,0.05223935435093831,0.0012139659366815342,0.002379373235895807
discussion,0.0,0.0,0.0,0.0,0.0,0.0,0.0,0.0,0.0,0.0,0.0,0.0,0.0,0.0,0.0,0.0,0.0,0.0,0.0,0.0,0.0,0.0,0.0,0.0,0.0,0.0,0.0,0.0,0.0,0.0,0.0,0.0,0.0,0.0,0.0,0.0
all,0.021715739019857183,0.0010193569366892803,0.001997939595910989,0.021715739019857183,0.0010193569366892803,0.001997939595910989,0.021715739019857183,0.0010193569366892803,0.001997939595910989,0.07781473148782157,0.0018734687109927166,0.0036719986735457245,0.049725440586836304,0.00128440922100441,0.0025174420731686434,0.04055479474387817,0.0011526095975493056,0.002259114811196639,0.12017020444096645,0.002274071813324858,0.004457180754116721,0.06338470450475622,0.0013382096244872574,0.0026228908639950245,0.046170380669793766,0.0011585801752025595,0.0022708171433970165,0.17054680622126578,0.00263041443934584,0.005155612301117846,0.07611691079714004,0.0013645637996489847,0.0026745450473120097,0.04966392301054186,0.0011568223987878043,0.0022673719016240964
