condition,recall@1_mean,recall@1_se,recall@1_ci,ndcg@1_mean,ndcg@1_se,ndcg@1_ci,mrr@1_mean,mrr@1_se,mrr@1_ci,recall@5_mean,recall@5_se,recall@5_ci,ndcg@5_mean,ndcg@5_se,ndcg@5_ci,mrr@5_mean,mrr@5_se,mrr@5_ci,recall@10_mean,recall@10_se,recall@10_ci,ndcg@10_mean,ndcg@10_se,ndcg@10_ci,mrr@10_mean,mrr@10_se,mrr@10_ci,recall@20_mean,recall@20_se,recall@20_ci,ndcg@20_mean,ndcg@20_se,ndcg@20_ci,mrr@20_mean,mrr@20_se,mrr@20_ci
recommendation,0.01414754604383167,0.0008470945772829559,0.0016603053714745934,0.01414754604383167,0.0008470945772829559,0.0016603053714745934,0.01414754604383167,0.0008470945772829559,0.0016603053714745934,0.04264842061940529,0.00144934770812058,0.002840721507916337,0.028621325396285334,0.0010374589409984992,0.0020334195243570585,0.024012244058030666,0.0009449607255869755,0.001852123022150472,0.059213910896182734,0.0016929444155014803,0.0033181710543829014,0.03399893709763539,0.001072046863264416,0.0021012118519982553,0.02624324878286191,0.0009503229934354641,0.0018626330671335095,0.07475048873340878,0.0018863480745530787,0.0036972422261240343,0.03795633107394417,0.001089360751201844,0.002135147072355614,0.027344610408703687,0.0009509110291167948,0.0018637856170689178
discussion,0.0,0.0,0.0,0.0,0.0,0.0,0.0,0.0,0.0,0.0,0.0,0.0,0.0,0.0,0.0,0.0,0.0,0.0,0.0,0.0,0.0,0.0,0.0,0.0,0.0,0.0,0.0,0.0,0.0,0.0,0.0,0.0,0.0,0.0,0.0,0.0
all,0.013450063582118752,0.0008056161200784349,0.0015790075953537324,0.013450063582118752,0.0008056161200784349,0.0015790075953537324,0.013450063582118752,0.0008056161200784349,0.0015790075953537324,0.040545828034823435,0.0013794045284855946,0.0027036328758317653,0.02721027697608307,0.0009872619021484008,0.0019350333282108657,0.022828426098014283,0.0008991078349560034,0.0017622513565137667,0.056294629756431576,0.0016119743960468572,0.00315946981625184,0.032322769211769374,0.001020492220058998,0.002000164751315636,0.024949440958684822,0.0009043437098107111,0.0017725136712289937,0.0710652450357038,0.0017969155930386397,0.003521954562355734,0.036085061303693974,0.001037246605825401,0.002033003347417786,0.025996504799197025,0.0009049769722672219,0.0017737548656437548
