condition,recall@1_mean,recall@1_se,recall@1_ci,ndcg@1_mean,ndcg@1_se,ndcg@1_ci,mrr@1_mean,mrr@1_se,mrr@1_ci,recall@5_mean,recall@5_se,recall@5_ci,ndcg@5_mean,ndcg@5_se,ndcg@5_ci,mrr@5_mean,mrr@5_se,mrr@5_ci,recall@10_mean,recall@10_se,recall@10_ci,ndcg@10_mean,ndcg@10_se,ndcg@10_ci,mrr@10_mean,mrr@10_se,mrr@10_ci,recall@20_mean,recall@20_se,recall@20_ci,ndcg@20_mean,ndcg@20_se,ndcg@20_ci,mrr@20_mean,mrr@20_se,mrr@20_ci
recommendation,0.021812943718489557,0.0010477398878071375,0.0020535701801019895,0.021812943718489557,0.0010477398878071375,0.0020535701801019895,0.021812943718489557,0.0010477398878071375,0.0020535701801019895,0.07238399012244058,0.0018586206596878667,0.0036428964929882185,0.04724727736885227,0.0012994940523034491,0.0025470083425147604,0.03902150426998662,0.0011749861992396235,0.002302972950509662,0.1071612305792777,0.0022186599758155542,0.004348573552598487,0.05850802655808574,0.0013476026967913798,0.0026413012857111045,0.04367708807980441,0.0011806235012992608,0.002314022062546551,0.13504475769112048,0.00245143885447598,0.004804820154772921,0.06570276300418752,0.0013659675760506283,0.0026772964490592312,0.04572576503940518,0.0011799962880958035,0.0023127927246677747
discussion,0.0,0.0,0.0,0.0,0.0,0.0,0.0,0.0,0.0,0.0,0.0,0.0,0.0,0.0,0.0,0.0,0.0,0.0,0.0,0.0,0.0,0.0,0.0,0.0,0.0,0.0,0.0,0.0,0.0,0.0,0.0,0.0,0.0,0.0,0.0,0.0
all,0.020737552577521277,0.0009966318060062368,0.001953398339772224,0.020737552577521277,0.0009966318060062368,0.001953398339772224,0.020737552577521277,0.0009966318060062368,0.001953398339772224,0.06881541621833122,0.0017703828821686056,0.003469950449050467,0.0449179584024137,0.001237496086045343,0.002425492328648872,0.037097720825589355,0.0011186186376698551,0.002192492529832916,0.10187811796928495,0.002115507348155253,0.0041463944023842954,0.05562354593739952,0.0012842225041885852,0.002517076108209627,0.04152378157562545,0.0011243631379847263,0.0022037517504500635,0.1283869705565881,0.0023395308430976766,0.004585480452471446,0.062463577583654374,0.0013024276680342957,0.0025527582293472196,0.04347145753868522,0.001123954686206316,0.0022029511849643796
