condition,recall@1_mean,recall@1_se,recall@1_ci,ndcg@1_mean,ndcg@1_se,ndcg@1_ci,mrr@1_mean,mrr@1_se,mrr@1_ci,recall@5_mean,recall@5_se,recall@5_ci,ndcg@5_mean,ndcg@5_se,ndcg@5_ci,mrr@5_mean,mrr@5_se,mrr@5_ci,recall@10_mean,recall@10_se,recall@10_ci,ndcg@10_mean,ndcg@10_se,ndcg@10_ci,mrr@10_mean,mrr@10_se,mrr@10_ci,recall@20_mean,recall@20_se,recall@20_ci,ndcg@20_mean,ndcg@20_se,ndcg@20_ci,mrr@20_mean,mrr@20_se,mrr@20_ci
recommendation,0.004784442843913983,0.0004949480826268963,0.0009700982419487167,0.004784442843913983,0.0004949480826268963,0.0009700982419487167,0.004784442843913983,0.0004949480826268963,0.0009700982419487167,0.014970675995472785,0.0008710250958412917,0.0017072091878489316,0.010122023791875125,0.0006241505207396216,0.0012233350206496583,0.008515965291353704,0.000565798920055988,0.0011089658833097365,0.020321020681140035,0.0010120454959122757,0.0019836091719880604,0.011829306250694813,0.0006448319030291913,0.0012638705299372148,0.009207010650060346,0.0005694138655496347,0.001116051176477284,0.024127996707480195,0.0011006327832930674,0.002157240255254412,0.01279796639014049,0.0006536846315671607,0.0012812218778716351,0.009475710894118854,0.0005700679095397679,0.001117333102697945
discussion,0.0,0.0,0.0,0.0,0.0,0.0,0.0,0.0,0.0,0.0,0.0,0.0,0.0,0.0,0.0,0.0,0.0,0.0,0.0,0.0,0.0,0.0,0.0,0.0,0.0,0.0,0.0,0.0,0.0,0.0,0.0,0.0,0.0,0.0,0.0,0.0
all,0.004548566956861978,0.0004706020088111347,0.000922379937269824,0.004548566956861978,0.0004706020088111347,0.000922379937269824,0.004548566956861978,0.0004706020088111347,0.000922379937269824,0.01423261273598748,0.0008283921634459286,0.0016236486403540201,0.00962300197918755,0.0005935766581502981,0.0011634102499745844,0.008096123121066874,0.0005380585314452896,0.0010545947216327675,0.019319182236134207,0.0009626416595637531,0.001886777652744956,0.011246114394062692,0.0006133021142806731,0.001202072143990119,0.008753099531246845,0.0005415201978346896,0.0010613795877559915,0.02293847207277707,0.0010470071374129137,0.002052133989329311,0.012167019010640262,0.0006217588266383298,0.0012186473002111264,0.009008552692941518,0.0005421524042090955,0.0010626187122498272
