condition,recall@1_mean,recall@1_se,recall@1_ci,ndcg@1_mean,ndcg@1_se,ndcg@1_ci,mrr@1_mean,mrr@1_se,mrr@1_ci,recall@5_mean,recall@5_se,recall@5_ci,ndcg@5_mean,ndcg@5_se,ndcg@5_ci,mrr@5_mean,mrr@5_se,mrr@5_ci,recall@10_mean,recall@10_se,recall@10_ci,ndcg@10_mean,ndcg@10_se,ndcg@10_ci,mrr@10_mean,mrr@10_se,mrr@10_ci,recall@20_mean,recall@20_se,recall@20_ci,ndcg@20_mean,ndcg@20_se,ndcg@20_ci,mrr@20_mean,mrr@20_se,mrr@20_ci
recommendation,0.020166683815207326,0.0010082743715729757,0.0019762177682830324,0.020166683815207326,0.0010082743715729757,0.0019762177682830324,0.020166683815207326,0.0010082743715729757,0.0019762177682830324,0.06790822101039201,0.001804578995816642,0.0035369748318006184,0.04409514093846368,0.001256104524045891,0.002461964867129946,0.03632146654319717,0.0011342110783907817,0.0022230537136459323,0.1002160716123058,0.002153888343267071,0.004221621152803459,0.054494999843487636,0.0013031784018855091,0.002554229667695598,0.04058641067978449,0.0011399607166935463,0.0022343230047193506,0.1336557258977261,0.002440756316057703,0.004783882379473098,0.06294732788331897,0.0013257333553704969,0.002598437376526174,0.04290444788557069,0.001139345997849346,0.002233118155784718
discussion,0.0,0.0,0.0,0.0,0.0,0.0,0.0,0.0,0.0,0.0,0.0,0.0,0.0,0.0,0.0,0.0,0.0,0.0,0.0,0.0,0.0,0.0,0.0,0.0,0.0,0.0,0.0,0.0,0.0,0.0,0.0,0.0,0.0,0.0,0.0,0.0
all,0.019172454269783822,0.0009590508286362578,0.0018797396241270654,0.019172454269783822,0.0009590508286362578,0.0018797396241270654,0.019172454269783822,0.0009590508286362578,0.0018797396241270654,0.06456030519417001,0.0017186883273343414,0.003368629121575309,0.0419212241789033,0.001196041193208393,0.0023442407386884503,0.03453079656982621,0.0010796939061322986,0.002116200056019305,0.09527535948351756,0.00205331202199342,0.004024491563107103,0.05180836383437898,0.0012416738645118777,0.00243368077444328,0.038585476415614335,0.0010854994367155185,0.0021275788959624164,0.12706641885943462,0.002329230337926103,0.004565291462335162,0.05984398705839547,0.0012639707534442132,0.002477382676750658,0.04078923300399702,0.0010851204187033623,0.0021268360206585903
