condition,recall@1_mean,recall@1_se,recall@1_ci,ndcg@1_mean,ndcg@1_se,ndcg@1_ci,mrr@1_mean,mrr@1_se,mrr@1_ci,recall@5_mean,recall@5_se,recall@5_ci,ndcg@5_mean,ndcg@5_se,ndcg@5_ci,mrr@5_mean,mrr@5_se,mrr@5_ci,recall@10_mean,recall@10_se,recall@10_ci,ndcg@10_mean,ndcg@10_se,ndcg@10_ci,mrr@10_mean,mrr@10_se,mrr@10_ci,recall@20_mean,recall@20_se,recall@20_ci,ndcg@20_mean,ndcg@20_se,ndcg@20_ci,mrr@20_mean,mrr@20_se,mrr@20_ci
recommendation,0.02119559625475872,0.0010331328221542364,0.002024940331422303,0.02119559625475872,0.0010331328221542364,0.002024940331422303,0.02119559625475872,0.0010331328221542364,0.002024940331422303,0.07613952052680317,0.001902364119789796,0.003728633674788,0.04870113962516421,0.0013044677976524646,0.0025567568833988305,0.03973145385327708,0.0011699896541219133,0.00229317972207895,0.11883938676818603,0.002321096100580773,0.0045493483571383145,0.062416479680970666,0.0013605490158770971,0.0026666760711191104,0.045336719761814935,0.0011761815243957609,0.002305315787815691,0.15407963782282127,0.0025895407321448395,0.005075499835003885,0.07148665161736831,0.0013817105570453955,0.0027081526918089753,0.04790835457253363,0.0011751554442951712,0.0023033046708185356
discussion,0.0,0.0,0.0,0.0,0.0,0.0,0.0,0.0,0.0,0.0,0.0,0.0,0.0,0.0,0.0,0.0,0.0,0.0,0.0,0.0,0.0,0.0,0.0,0.0,0.0,0.0,0.0,0.0,0.0,0.0,0.0,0.0,0.0,0.0,0.0,0.0
all,0.02015064071211973,0.0009827216610498821,0.001926134455657769,0.02015064071211973,0.0009827216610498821,0.001926134455657769,0.02015064071211973,0.0009827216610498821,0.001926134455657769,0.07238579673285728,0.0018122446106807412,0.003551999436934253,0.046300144381978964,0.0012423454515914911,0.0024349970851193226,0.03777266947080113,0.0011139326239121784,0.0021833079428678695,0.11298053408979751,0.002213985792433339,0.004339412153169344,0.05933930998917676,0.0012969192929617518,0.0025419618142050334,0.04310159242542105,0.0011202986590134665,0.0021957853716663943,0.14648341973980242,0.002472900593062973,0.004846885162403427,0.06796231703699526,0.001318041510724189,0.0025833613610194103,0.045546444105492946,0.0011195705338988664,0.002194358246441778
