condition,recall@1_mean,recall@1_se,recall@1_ci,ndcg@1_mean,ndcg@1_se,ndcg@1_ci,mrr@1_mean,mrr@1_se,mrr@1_ci,recall@5_mean,recall@5_se,recall@5_ci,ndcg@5_mean,ndcg@5_se,ndcg@5_ci,mrr@5_mean,mrr@5_se,mrr@5_ci,recall@10_mean,recall@10_se,recall@10_ci,ndcg@10_mean,ndcg@10_se,ndcg@10_ci,mrr@10_mean,mrr@10_se,mrr@10_ci,recall@20_mean,recall@20_se,recall@20_ci,ndcg@20_mean,ndcg@20_se,ndcg@20_ci,mrr@20_mean,mrr@20_se,mrr@20_ci
recommendation,0.022327399938265255,0.0010597445224977753,0.0020770992640956397,0.022327399938265255,0.0010597445224977753,0.0020770992640956397,0.022327399938265255,0.0010597445224977753,0.0020770992640956397,0.08231299516411153,0.0019713642476791426,0.0038638739254511193,0.05218315424428679,0.0013418726548075817,0.00263007040342286,0.0423560380011661,0.001201023354800206,0.002354005775408404,0.1234694927461673,0.002359656207951446,0.004624926167584834,0.06543474401425711,0.001393242427377259,0.0027307551576594277,0.047790451365922096,0.0012063729787290549,0.0023644910383089474,0.16087045992386048,0.0026353484069276843,0.005165282877578261,0.07509395713325122,0.0014142393727065738,0.0027719091705048844,0.050546767391537316,0.0012050446830486057,0.0023618875787752673
discussion,0.0,0.0,0.0,0.0,0.0,0.0,0.0,0.0,0.0,0.0,0.0,0.0,0.0,0.0,0.0,0.0,0.0,0.0,0.0,0.0,0.0,0.0,0.0,0.0,0.0,0.0,0.0,0.0,0.0,0.0,0.0,0.0,0.0,0.0,0.0,0.0
all,0.02122664579868923,0.0010080642146399566,0.0019758058606943146,0.02122664579868923,0.0010080642146399566,0.0019758058606943146,0.02122664579868923,0.0010080642146399566,0.0019758058606943146,0.07825491538687274,0.001878311730632186,0.0036814909920390845,0.04961049360268251,0.0012781602964469648,0.002505194181036051,0.04026786005412631,0.0011436103251561928,0.002241476237306138,0.1173823730803091,0.002251096866635462,0.004412149858605505,0.06220877208985277,0.0013282532165127025,0.0026033763043648967,0.04543435359731946,0.0011491769835004146,0.0022523868876608124,0.1529394502592194,0.00251723309432071,0.004933776864868592,0.07139178023848856,0.0013493137955652532,0.0026446550393078964,0.04805478159819536,0.0011481873061455208,0.0022504471200452208
