condition,recall@1_mean,recall@1_se,recall@1_ci,ndcg@1_mean,ndcg@1_se,ndcg@1_ci,mrr@1_mean,mrr@1_se,mrr@1_ci,recall@5_mean,recall@5_se,recall@5_ci,ndcg@5_mean,ndcg@5_se,ndcg@5_ci,mrr@5_mean,mrr@5_se,mrr@5_ci,recall@10_mean,recall@10_se,recall@10_ci,ndcg@10_mean,ndcg@10_se,ndcg@10_ci,mrr@10_mean,mrr@10_se,mrr@10_ci,recall@20_mean,recall@20_se,recall@20_ci,ndcg@20_mean,ndcg@20_se,ndcg@20_ci,mrr@20_mean,mrr@20_se,mrr@20_ci
recommendation,0.0066364852351064926,0.0005823828150048562,0.0011414703174095183,0.0066364852351064926,0.0005823828150048562,0.0011414703174095183,0.0066364852351064926,0.0005823828150048562,0.0011414703174095183,0.0264944953184484,0.0011519467772395954,0.002257815683389607,0.0167171808159299,0.0007744409193976397,0.0015179042020193737,0.013510477758342765,0.0006847663391982488,0.0013421420248285675,0.039973248276571664,0.0014051146787068655,0.0027540247702654563,0.021035561482281733,0.000814207917565331,0.0015958475184280486,0.015268917698437197,0.0006917241028859336,0.0013557792416564298,0.05118839386768186,0.0015807424943382934,0.003098255288903055,0.02390713085965109,0.0008332217188011823,0.0016331145688503173,0.016075370515547777,0.0006930039911815453,0.001358287822715829
discussion,0.0,0.0,0.0,0.0,0.0,0.0,0.0,0.0,0.0,0.0,0.0,0.0,0.0,0.0,0.0,0.0,0.0,0.0,0.0,0.0,0.0,0.0,0.0,0.0,0.0,0.0,0.0,0.0,0.0,0.0,0.0,0.0,0.0,0.0,0.0,0.0
all,0.006309302553066614,0.0005537614658271153,0.001085372473021146,0.006309302553066614,0.0005537614658271153,0.001085372473021146,0.006309302553066614,0.0005537614658271153,0.001085372473021146,0.025188300890149663,0.001095888186143138,0.0021479408448405505,0.015893013826667583,0.0007366945420458365,0.0014439213024098395,0.012844403143239102,0.0006513274368478006,0.0012766017762216892,0.03800254328475007,0.0013372103693720062,0.002620932323969132,0.019998495749417602,0.0007747209748483765,0.001518453110702818,0.01451615094503679,0.0006580271001172254,0.0012897331162297619,0.04866477550621148,0.0015048062744930188,0.002949420298006317,0.022728495043035216,0.0007929690015303292,0.0015542192429994451,0.01528284515705848,0.0006592870874631463,0.0012922026914277667
