condition,recall@1_mean,recall@1_se,recall@1_ci,ndcg@1_mean,ndcg@1_se,ndcg@1_ci,mrr@1_mean,mrr@1_se,mrr@1_ci,recall@5_mean,recall@5_se,recall@5_ci,ndcg@5_mean,ndcg@5_se,ndcg@5_ci,mrr@5_mean,mrr@5_se,mrr@5_ci,recall@10_mean,recall@10_se,recall@10_ci,ndcg@10_mean,ndcg@10_se,ndcg@10_ci,mrr@10_mean,mrr@10_se,mrr@10_ci,recall@20_mean,recall@20_se,recall@20_ci,ndcg@20_mean,ndcg@20_se,ndcg@20_ci,mrr@20_mean,mrr@20_se,mrr@20_ci
recommendation,0.014507665397674658,0.0008576513453847983,0.0016809966369542046,0.014507665397674658,0.0008576513453847983,0.0016809966369542046,0.014507665397674658,0.0008576513453847983,0.0016809966369542046,0.04388311554686696,0.0014692293762245652,0.0028796895774001476,0.029385332579948006,0.0010501720721025835,0.0020583372613210637,0.02462873409472854,0.000956485075719733,0.0018747107484106767,0.061323181397263095,0.0017209005280350452,0.0033729650349486884,0.03501442439257661,0.0010854465488944539,0.0021274752358331297,0.026945399863138313,0.0009617975124674972,0.0018851231244362944,0.07135507768288919,0.0018463867228244383,0.003618917976735899,0.037606650988091045,0.0010968478214725974,0.002149821730086291,0.027685391450549594,0.0009622117648762724,0.0018859350591574938
discussion,0.0,0.0,0.0,0.0,0.0,0.0,0.0,0.0,0.0,0.0,0.0,0.0,0.0,0.0,0.0,0.0,0.0,0.0,0.0,0.0,0.0,0.0,0.0,0.0,0.0,0.0,0.0,0.0,0.0,0.0,0.0,0.0,0.0,0.0,0.0,0.0
all,0.01379242883693632,0.0008156634175006701,0.0015987002983013133,0.01379242883693632,0.0008156634175006701,0.0015987002983013133,0.01379242883693632,0.0008156634175006701,0.0015987002983013133,0.04171965176562653,0.00139837313192918,0.002740811338581193,0.02793661814971287,0.0009993875757947478,0.0019587996485577056,0.023414522808047216,0.0009100929291999439,0.0017837821412318901,0.05829991196322019,0.0016386896003143792,0.003211831616616183,0.0332881923771351,0.0010332930047795112,0.002025254289367842,0.025616975571734448,0.000915288876346088,0.0017939661976383325,0.06783722977599531,0.0017586781652249863,0.003447009203840973,0.03575262065472531,0.001044324689456238,0.0020468763913342267,0.02632048513233801,0.000915732918205727,0.0017948365196832248
