condition,recall@1_mean,recall@1_se,recall@1_ci,ndcg@1_mean,ndcg@1_se,ndcg@1_ci,mrr@1_mean,mrr@1_se,mrr@1_ci,recall@5_mean,recall@5_se,recall@5_ci,ndcg@5_mean,ndcg@5_se,ndcg@5_ci,mrr@5_mean,mrr@5_se,mrr@5_ci,recall@10_mean,recall@10_se,recall@10_ci,ndcg@10_mean,ndcg@10_se,ndcg@10_ci,mrr@10_mean,mrr@10_se,mrr@10_ci,recall@20_mean,recall@20_se,recall@20_ci,ndcg@20_mean,ndcg@20_se,ndcg@20_ci,mrr@20_mean,mrr@20_se,mrr@20_ci
recommendation,0.009157320712007408,0.0006832378972597569,0.0013391462786291235,0.009157320712007408,0.0006832378972597569,0.0013391462786291235,0.009157320712007408,0.0006832378972597569,0.0013391462786291235,0.03030147134478856,0.0012295200336938771,0.002409859266039999,0.019798427746454156,0.0008574669159044025,0.0016806351551726289,0.01635370579963645,0.0007725355277594397,0.001514169634408502,0.048873340878691225,0.0015464667034264367,0.003031074738715816,0.02579579797142404,0.0009063043544527498,0.0017763565347273897,0.01882419806074503,0.0007809038836739602,0.001530571612000962,0.06718798230270603,0.0017956771179762022,0.0035195271512333563,0.030411776159050354,0.0009317437095954661,0.0018262176708071136,0.020083428481816767,0.0007822437231665381,0.0015331976974064148
discussion,0.0,0.0,0.0,0.0,0.0,0.0,0.0,0.0,0.0,0.0,0.0,0.0,0.0,0.0,0.0,0.0,0.0,0.0,0.0,0.0,0.0,0.0,0.0,0.0,0.0,0.0,0.0,0.0,0.0,0.0,0.0,0.0,0.0,0.0,0.0,0.0
all,0.008705859336789593,0.0006497009997626381,0.0012734139595347708,0.008705859336789593,0.0006497009997626381,0.0012734139595347708,0.008705859336789593,0.0006497009997626381,0.0012734139595347708,0.028807590726792526,0.0011698025167786589,0.0022928129328861715,0.01882235344495627,0.0008157432277531472,0.0015988567263961685,0.015547458345560664,0.0007348654124823136,0.0014403362084653346,0.046463856010955686,0.0014720841844811402,0.002885285001583035,0.02452404973924193,0.0008625066988359473,0.0016905131297184567,0.01789615386406935,0.000742950818677142,0.0014561836046071983,0.06387557468453488,0.0017101753458451487,0.0033519436778564914,0.028912457447893027,0.0008870030610828108,0.0017385259997223092,0.019093303474007353,0.0007442991214293497,0.0014588262780015253
