condition,recall@1_mean,recall@1_se,recall@1_ci,ndcg@1_mean,ndcg@1_se,ndcg@1_ci,mrr@1_mean,mrr@1_se,mrr@1_ci,recall@5_mean,recall@5_se,recall@5_ci,ndcg@5_mean,ndcg@5_se,ndcg@5_ci,mrr@5_mean,mrr@5_se,mrr@5_ci,recall@10_mean,recall@10_se,recall@10_ci,ndcg@10_mean,ndcg@10_se,ndcg@10_ci,mrr@10_mean,mrr@10_se,mrr@10_ci,recall@20_mean,recall@20_se,recall@20_ci,ndcg@20_mean,ndcg@20_se,ndcg@20_ci,mrr@20_mean,mrr@20_se,mrr@20_ci
recommendation,0.02109270501080358,0.00103067633532169,0.0020201256172305126,0.02109270501080358,0.00103067633532169,0.0020201256172305126,0.02109270501080358,0.00103067633532169,0.0020201256172305126,0.07037761086531537,0.0018346614255472838,0.003595936394072676,0.04579201520207255,0.0012794513604858138,0.0025077246665521948,0.03775765682340432,0.0011561486358221149,0.002266051326211345,0.10494906883424221,0.0021983586765506285,0.004308783006039232,0.056904314331307944,0.0013277957482191744,0.002602479666509582,0.04230387785666106,0.0011617643811985478,0.0022770581871491536,0.13952052680316904,0.0024852763879043924,0.004871141720292609,0.06565469028273918,0.0013498987187512879,0.0026458014887525243,0.044708127873535584,0.0011609481505081305,0.0022754583749959355
discussion,0.0,0.0,0.0,0.0,0.0,0.0,0.0,0.0,0.0,0.0,0.0,0.0,0.0,0.0,0.0,0.0,0.0,0.0,0.0,0.0,0.0,0.0,0.0,0.0,0.0,0.0,0.0,0.0,0.0,0.0,0.0,0.0,0.0,0.0,0.0,0.0
all,0.02005282206788614,0.0009803824448029255,0.001921549591813734,0.02005282206788614,0.0009803824448029255,0.001921549591813734,0.02005282206788614,0.0009803824448029255,0.001921549591813734,0.06690795265577619,0.0017474612619958168,0.003425024073511801,0.04353444152880202,0.0012183465199681227,0.0023879591791375206,0.03589618181225341,0.0011006341498121053,0.0021572429336317264,0.09977501711826274,0.002096007723618168,0.0041081751382916094,0.0540988976803269,0.0012652699290852723,0.002479929061007134,0.040218271435869014,0.0011063430265893122,0.0021684323321150517,0.13264208158074928,0.0023721725755170044,0.004649458248013328,0.0624178748760581,0.0012871905672948202,0.0025228935118978475,0.042503990492310705,0.001105785214767529,0.002167339020944357
