condition,recall@1_mean,recall@1_se,recall@1_ci,ndcg@1_mean,ndcg@1_se,ndcg@1_ci,mrr@1_mean,mrr@1_se,mrr@1_ci,recall@5_mean,recall@5_se,recall@5_ci,ndcg@5_mean,ndcg@5_se,ndcg@5_ci,mrr@5_mean,mrr@5_se,mrr@5_ci,recall@10_mean,recall@10_se,recall@10_ci,ndcg@10_mean,ndcg@10_se,ndcg@10_ci,mrr@10_mean,mrr@10_se,mrr@10_ci,recall@20_mean,recall@20_se,recall@20_ci,ndcg@20_mean,ndcg@20_se,ndcg@20_ci,mrr@20_mean,mrr@20_se,mrr@20_ci
recommendation,0.007562506430702747,0.0006213979880444303,0.0012179400565670835,0.007562506430702747,0.0006213979880444303,0.0012179400565670835,0.007562506430702747,0.0006213979880444303,0.0012179400565670835,0.0247967897931886,0.0011154000869513562,0.002186184170424658,0.016386717196964384,0.0007845606196268364,0.0015377388144685992,0.013618513564495663,0.0007078359494788094,0.0013873584609784663,0.036320609116164214,0.001341924957067299,0.002630172915851906,0.02009464932162034,0.0008186963991421761,0.001604644942318665,0.015137200574231137,0.0007137119817777189,0.0013988754842843292,0.04794731968309497,0.0015324913786062672,0.0030036831020682836,0.023064922853760342,0.0008383799196482025,0.0016432246425104769,0.015968931912756397,0.0007150016026381493,0.0014014031411707726
discussion,0.0,0.0,0.0,0.0,0.0,0.0,0.0,0.0,0.0,0.0,0.0,0.0,0.0,0.0,0.0,0.0,0.0,0.0,0.0,0.0,0.0,0.0,0.0,0.0,0.0,0.0,0.0,0.0,0.0,0.0,0.0,0.0,0.0,0.0,0.0,0.0
all,0.007189670351168933,0.0005908729046961986,0.0011581108932045491,0.007189670351168933,0.0005908729046961986,0.0011581108932045491,0.007189670351168933,0.0005908729046961986,0.0011581108932045491,0.023574293260295413,0.0010610732984848341,0.002079703665030275,0.015578842261302642,0.0007462929135323992,0.0014627341105235025,0.012947112719684373,0.0006732541965643257,0.0013195782252660782,0.034529981414457595,0.0012769503479565588,0.002502822681994855,0.019103971119713202,0.0007789276307342581,0.001526698156239146,0.01439092755364887,0.0006789116670436029,0.0013306668674054616,0.04558348821285337,0.0014587443689788077,0.002859138963198463,0.021927808394375106,0.0007978109774468751,0.0015637095157958751,0.015181654040895963,0.0006801806107605016,0.0013331539970905832
