condition,recall@1_mean,recall@1_se,recall@1_ci,ndcg@1_mean,ndcg@1_se,ndcg@1_ci,mrr@1_mean,mrr@1_se,mrr@1_ci,recall@5_mean,recall@5_se,recall@5_ci,ndcg@5_mean,ndcg@5_se,ndcg@5_ci,mrr@5_mean,mrr@5_se,mrr@5_ci,recall@10_mean,recall@10_se,recall@10_ci,ndcg@10_mean,ndcg@10_se,ndcg@10_ci,mrr@10_mean,mrr@10_se,mrr@10_ci,recall@20_mean,recall@20_se,recall@20_ci,ndcg@20_mean,ndcg@20_se,ndcg@20_ci,mrr@20_mean,mrr@20_se,mrr@20_ci
recommendation,0.023664986109682064,0.0010902797398388555,0.002136948290084157,0.023664986109682064,0.0010902797398388555,0.002136948290084157,0.023664986109682064,0.0010902797398388555,0.002136948290084157,0.07716843296635456,0.0019141080257881406,0.0037516517305447553,0.05067221523467856,0.001345995894735333,0.0026381519536812525,0.04199420379325718,0.0012198291441152254,0.0023908651224658416,0.1127688033748328,0.002268810746863916,0.004446869063853276,0.06219059805265015,0.0013919910684088768,0.0027283024940813988,0.0467518010050678,0.0012247650776087448,0.0024005395521131396,0.1426587097438008,0.0025084843660641023,0.0049166293574856405,0.06985405616783222,0.0014096219789655655,0.0027628590787725084,0.048909666940961244,0.0012237998663560052,0.00239864773805777
discussion,0.0,0.0,0.0,0.0,0.0,0.0,0.0,0.0,0.0,0.0,0.0,0.0,0.0,0.0,0.0,0.0,0.0,0.0,0.0,0.0,0.0,0.0,0.0,0.0,0.0,0.0,0.0,0.0,0.0,0.0,0.0,0.0,0.0,0.0,0.0,0.0
all,0.022498288173725914,0.0010371461116367563,0.0020328063788080425,0.022498288173725914,0.0010371461116367563,0.0020328063788080425,0.022498288173725914,0.0010371461116367563,0.0020328063788080425,0.07336398317519319,0.0018234862048408693,0.003574032961488104,0.0481740447878158,0.0012819338280637825,0.0025125903030050138,0.03992386448857152,0.0011614311326612618,0.002276405020016073,0.10720923408001565,0.0021637016890431343,0.004240855310524543,0.05912456445991458,0.0013267091998349083,0.00260035003167642,0.04444690931901144,0.0011665316564385855,0.0022864020466196277,0.13562555022987383,0.002394573431744273,0.004693363926218774,0.06641020951728077,0.0013442922475040454,0.002634812805107929,0.04649839117668026,0.001165818701067016,0.002285004654091351
