condition,recall@1_mean,recall@1_se,recall@1_ci,ndcg@1_mean,ndcg@1_se,ndcg@1_ci,mrr@1_mean,mrr@1_se,mrr@1_ci,recall@5_mean,recall@5_se,recall@5_ci,ndcg@5_mean,ndcg@5_se,ndcg@5_ci,mrr@5_mean,mrr@5_se,mrr@5_ci,recall@10_mean,recall@10_se,recall@10_ci,ndcg@10_mean,ndcg@10_se,ndcg@10_ci,mrr@10_mean,mrr@10_se,mrr@10_ci,recall@20_mean,recall@20_se,recall@20_ci,ndcg@20_mean,ndcg@20_se,ndcg@20_ci,mrr@20_mean,mrr@20_se,mrr@20_ci
recommendation,0.0208869225228933,0.0010257441202247983,0.0020104584756406047,0.0208869225228933,0.0010257441202247983,0.0020104584756406047,0.0208869225228933,0.0010257441202247983,0.0020104584756406047,0.07696265047844428,0.0019117672951916784,0.0037470638985756897,0.04904873049445763,0.0013056112225958156,0.0025589979962877987,0.039921802654594093,0.0011683336023089247,0.002289933860525492,0.11786191995061221,0.0023128124867388246,0.004533112474008096,0.06221621564466808,0.0013596196519308017,0.0026648545177843713,0.04532210267239591,0.0011743990567987877,0.0023018221513256237,0.1652433377919539,0.002663957604621838,0.005221356905058802,0.07426491338556558,0.001386454858824257,0.0027174515232955437,0.048665371675118946,0.0011728640942308775,0.0022988136246925197
discussion,0.0,0.0,0.0,0.0,0.0,0.0,0.0,0.0,0.0,0.0,0.0,0.0,0.0,0.0,0.0,0.0,0.0,0.0,0.0,0.0,0.0,0.0,0.0,0.0,0.0,0.0,0.0,0.0,0.0,0.0,0.0,0.0,0.0,0.0,0.0,0.0
all,0.019857184779418956,0.0009756857485755038,0.0019123440672079873,0.019857184779418956,0.0009756857485755038,0.0019123440672079873,0.019857184779418956,0.0009756857485755038,0.0019123440672079873,0.07316834588672601,0.001821245492887221,0.003569641166058953,0.04663059881401092,0.001243461909828915,0.0024371853432646733,0.03795363396263328,0.0011123761429078151,0.0021802572400993177,0.1120512569695784,0.0022060165044392676,0.004323792348700965,0.05914891908936017,0.0012960160238703739,0.002540191406785933,0.0430876959672323,0.001118605901263463,0.002192467566476387,0.15709674263914702,0.002544947916335555,0.004988097916017687,0.07060360884224905,0.0013228876404529756,0.002592859775287832,0.046266139813213446,0.0011174717305622328,0.0021902445919019763
